id,first_name,last_name,email,gender,job_title
1,Raffarty,McGifford,rmcgifford0@wiley.com,Male,59.158.43.84
2,Helen-elizabeth,Ionesco,hionesco1@gmpg.org,Female,10.14.103.40
3,Carmine,Tortoise,ctortoise2@fotki.com,Female,68.122.75.127
4,Antoinette,Springer,aspringer3@symantec.com,Female,193.181.77.157
5,Zackariah,Blackaby,zblackaby4@sciencedirect.com,Male,174.221.217.101
6,Cloe,Yedy,cyedy5@loc.gov,Female,51.239.52.3
7,Gibb,Fawcus,gfawcus6@va.gov,Male,29.14.78.237
8,Isidora,Ledwidge,iledwidge7@scientificamerican.com,Female,181.193.194.16
9,Dick,Van Vuuren,dvanvuuren8@blogspot.com,Male,72.48.9.72
10,Marta,Haxley,mhaxley9@amazon.de,Female,7.141.12.47
11,Marybelle,Bullick,mbullicka@nsw.gov.au,Female,147.123.125.238
12,Bernetta,Aspling,basplingb@about.com,Female,10.43.176.208
13,Abbie,Pattillo,apattilloc@usatoday.com,Male,184.225.188.229
14,Dell,Prevost,dprevostd@sourceforge.net,Male,92.204.93.112
15,Bird,MacTerrelly,bmacterrellye@webeden.co.uk,Female,197.79.126.56
16,Averill,Giovanazzi,agiovanazzif@themeforest.net,Male,106.129.83.45
17,Valentin,McVittie,vmcvittieg@cdc.gov,Male,225.176.18.16
18,Bernardina,Imort,bimorth@ca.gov,Polygender,138.130.245.121
19,Miguelita,Estcot,mestcoti@lycos.com,Female,172.0.211.61
20,Jessi,Steeples,jsteeplesj@thetimes.co.uk,Female,210.219.226.83
21,Marget,Sandhill,msandhillk@usnews.com,Female,23.54.21.169
22,Joell,Hovert,jhovertl@nps.gov,Female,107.71.104.187
23,Cheryl,Kayes,ckayesm@spiegel.de,Female,136.0.125.133
24,Symon,Alessandrucci,salessandruccin@biglobe.ne.jp,Male,152.105.57.101
25,Beatrisa,Vose,bvoseo@webmd.com,Female,217.219.159.55
26,Palmer,Brodeur,pbrodeurp@salon.com,Male,215.88.212.13
27,Nellie,Ciccone,ncicconeq@sina.com.cn,Female,58.157.232.191
28,Valeria,De Filippi,vdefilippir@github.com,Female,62.162.250.166
29,Kristos,Marty,kmartys@lulu.com,Male,48.3.160.66
30,Lynn,Commins,lcomminst@stanford.edu,Non-binary,214.160.27.4
31,Ursula,Blaszczak,ublaszczaku@tinyurl.com,Agender,65.28.54.50
32,Ollie,Jeanin,ojeaninv@bravesites.com,Male,90.51.197.216
33,Duke,Chivers,dchiversw@xrea.com,Male,91.63.7.239
34,Holmes,Tomet,htometx@domainmarket.com,Male,204.219.14.215
35,Fidel,Frankiss,ffrankissy@jiathis.com,Male,21.203.176.114
36,Naomi,Rudham,nrudhamz@gizmodo.com,Female,213.198.66.218
37,Gris,Stagge,gstagge10@businesswire.com,Male,97.83.67.192
38,Damon,Turnell,dturnell11@addtoany.com,Genderfluid,3.175.207.209
39,Callean,Stanistreet,cstanistreet12@cnbc.com,Male,147.132.8.166
40,Bradly,Elves,belves13@washington.edu,Male,155.135.173.21
41,Rica,Trowsdall,rtrowsdall14@unc.edu,Female,44.182.95.139
42,Daron,Bonsall,dbonsall15@arstechnica.com,Male,234.165.80.78
43,Bunny,Marshalleck,bmarshalleck16@github.io,Female,134.129.150.158
44,Ashli,Kirkman,akirkman17@phpbb.com,Female,104.141.93.128
45,Galina,Jockle,gjockle18@edublogs.org,Female,58.15.42.95
46,Rriocard,Ximenez,rximenez19@newsvine.com,Male,225.125.88.64
47,Robbyn,Ginni,rginni1a@washingtonpost.com,Female,228.245.25.228
48,Trix,McGaugie,tmcgaugie1b@hostgator.com,Female,24.96.247.40
49,Dianna,Kobpa,dkobpa1c@howstuffworks.com,Female,241.247.84.145
50,Annalee,Van Arsdale,avanarsdale1d@guardian.co.uk,Female,180.172.35.1
51,Linus,Saltman,lsaltman1e@cocolog-nifty.com,Male,21.27.5.147
52,Rusty,Greenrodd,rgreenrodd1f@youtu.be,Male,191.129.242.17
53,Mickie,Bage,mbage1g@sakura.ne.jp,Male,81.245.32.21
54,Andrey,Barmby,abarmby1h@ucla.edu,Male,121.101.177.122
55,Averyl,Espinoy,aespinoy1i@gov.uk,Female,0.167.2.30
56,Cord,Stidson,cstidson1j@census.gov,Male,66.19.225.36
57,Marco,Leverington,mleverington1k@phpbb.com,Male,206.46.245.107
58,Selene,Swarbrigg,sswarbrigg1l@europa.eu,Female,222.175.148.191
59,Taryn,Ammer,tammer1m@jalbum.net,Female,46.105.104.41
60,Phip,Orro,porro1n@free.fr,Male,187.175.141.221
61,Curcio,Champkin,cchampkin1o@eventbrite.com,Genderqueer,115.153.240.214
62,Andy,Coot,acoot1p@webs.com,Genderfluid,6.208.106.105
63,Sonja,Wadie,swadie1q@qq.com,Female,33.126.241.118
64,Maris,Enticott,menticott1r@google.cn,Female,202.32.47.26
65,Chrysler,Pie,cpie1s@live.com,Female,44.171.236.164
66,Christal,Dowdle,cdowdle1t@yellowbook.com,Female,128.234.249.83
67,Linoel,Grayland,lgrayland1u@mediafire.com,Male,30.1.72.91
68,Irvine,Borrowman,iborrowman1v@eepurl.com,Male,101.227.1.3
69,Konstance,Hazlewood,khazlewood1w@topsy.com,Female,185.211.96.29
70,Rhett,Slorance,rslorance1x@liveinternet.ru,Male,213.238.221.240
71,Cosimo,Falconer-Taylor,cfalconertaylor1y@reverbnation.com,Male,118.20.86.22
72,Riccardo,Mayou,rmayou1z@prnewswire.com,Male,31.113.232.176
73,Vergil,Potell,vpotell20@tinyurl.com,Male,155.23.151.62
74,Dorie,Emps,demps21@4shared.com,Male,93.18.232.100
75,Sydel,Pollicote,spollicote22@wisc.edu,Agender,172.31.98.142
76,Deny,Splain,dsplain23@drupal.org,Female,7.61.182.147
77,Mandie,Arnli,marnli24@statcounter.com,Female,88.112.226.27
78,Cami,Sandell,csandell25@amazon.co.jp,Female,84.162.62.227
79,Maxy,Picken,mpicken26@nsw.gov.au,Female,145.32.45.147
80,Kristo,Wayvill,kwayvill27@netscape.com,Male,117.220.107.128
81,Kip,Cesconi,kcesconi28@time.com,Male,92.249.1.168
82,Christye,Crilly,ccrilly29@infoseek.co.jp,Female,58.122.53.96
83,Jud,Hannibal,jhannibal2a@whitehouse.gov,Male,130.147.71.186
84,Rustie,Trustey,rtrustey2b@ucoz.ru,Male,99.148.230.179
85,Townsend,Boutflour,tboutflour2c@mlb.com,Male,254.188.183.47
86,Tedra,McGrale,tmcgrale2d@w3.org,Female,240.182.57.104
87,Aluino,Ambroix,aambroix2e@odnoklassniki.ru,Male,22.89.213.230
88,Emmett,Grebbin,egrebbin2f@exblog.jp,Genderfluid,188.190.5.51
89,Isobel,Madgewick,imadgewick2g@illinois.edu,Female,15.151.175.117
90,Raffarty,Benditt,rbenditt2h@economist.com,Male,116.33.22.43
91,Harlin,Ablett,hablett2i@wufoo.com,Male,239.111.87.238
92,Freddy,Gosalvez,fgosalvez2j@nifty.com,Female,117.55.46.135
93,Britt,Marcinkus,bmarcinkus2k@sohu.com,Female,54.244.25.82
94,Kendrick,MacKaig,kmackaig2l@ed.gov,Male,73.207.82.43
95,Lebbie,Chaves,lchaves2m@paypal.com,Female,200.103.17.9
96,Mady,Nunson,mnunson2n@goo.gl,Female,140.68.119.210
97,Dyana,Desborough,ddesborough2o@shop-pro.jp,Female,146.106.181.235
98,Lombard,Hargreaves,lhargreaves2p@sakura.ne.jp,Male,7.45.190.21
99,Suzy,Upcott,supcott2q@simplemachines.org,Female,152.65.92.148
100,Tracy,Keener,tkeener2r@theguardian.com,Male,85.97.81.87
101,Mireille,Thulborn,mthulborn2s@jiathis.com,Female,108.142.148.220
102,Wood,Rolles,wrolles2t@themeforest.net,Male,115.106.48.150
103,Joellen,Chick,jchick2u@umn.edu,Female,123.13.139.206
104,Kristi,Sleeman,ksleeman2v@msn.com,Female,55.212.7.242
105,Haily,Clementel,hclementel2w@hc360.com,Female,114.66.16.162
106,Lana,Mayte,lmayte2x@wired.com,Female,205.147.37.42
107,Guinevere,Salleir,gsalleir2y@comcast.net,Polygender,174.104.32.117
108,Kristoffer,Weeks,kweeks2z@odnoklassniki.ru,Male,67.45.238.91
109,Gibb,Okey,gokey30@woothemes.com,Genderqueer,174.219.234.0
110,Ashia,Crucitti,acrucitti31@biglobe.ne.jp,Female,176.222.15.132
111,Leese,Danaher,ldanaher32@abc.net.au,Female,222.65.49.100
112,Stearne,Island,sisland33@histats.com,Male,212.239.33.33
113,Lauretta,Challender,lchallender34@issuu.com,Genderqueer,27.88.229.147
114,Slade,Gabrieli,sgabrieli35@slashdot.org,Male,86.15.134.197
115,Feodora,Bassford,fbassford36@photobucket.com,Female,202.90.204.52
116,Worden,Bellino,wbellino37@t-online.de,Male,143.186.66.142
117,Tracey,MacElholm,tmacelholm38@mit.edu,Male,246.251.238.254
118,Corena,Critch,ccritch39@wikispaces.com,Female,77.59.68.207
119,Roxanna,Marval,rmarval3a@tinypic.com,Female,20.114.95.172
120,Mureil,Coles,mcoles3b@nationalgeographic.com,Female,174.82.67.128
121,Julieta,Gready,jgready3c@earthlink.net,Female,33.236.30.18
122,Bo,Wedderburn,bwedderburn3d@zdnet.com,Male,129.156.175.198
123,Torre,Coventon,tcoventon3e@alibaba.com,Male,126.13.66.69
124,Dannie,Fritzer,dfritzer3f@oakley.com,Genderqueer,74.220.75.254
125,Rosamund,Weekly,rweekly3g@biblegateway.com,Female,195.106.69.32
126,Mohandis,Loan,mloan3h@google.ca,Male,232.246.18.107
127,Veronica,McCready,vmccready3i@mashable.com,Female,224.77.235.47
128,Yuri,Bertenshaw,ybertenshaw3j@arstechnica.com,Male,0.203.176.148
129,Sergeant,Gullan,sgullan3k@fema.gov,Male,11.106.99.43
130,Irwinn,Oldmeadow,ioldmeadow3l@multiply.com,Male,44.20.172.102
131,Madelon,Thickins,mthickins3m@networkadvertising.org,Female,225.66.231.53
132,Sherwin,Faldo,sfaldo3n@smugmug.com,Male,240.1.219.14
133,Violet,Talby,vtalby3o@sciencedaily.com,Female,118.236.25.77
134,Jerry,Zellmer,jzellmer3p@plala.or.jp,Male,98.94.157.232
135,Megan,Speed,mspeed3q@oracle.com,Female,194.83.181.136
136,Karia,Loxston,kloxston3r@4shared.com,Female,88.56.116.62
137,Rollin,Carter,rcarter3s@biblegateway.com,Male,64.76.80.217
138,Clarence,Grocott,cgrocott3t@quantcast.com,Polygender,54.26.143.11
139,Barbi,Bullingham,bbullingham3u@reuters.com,Female,58.203.10.187
140,Georgeta,Attow,gattow3v@pcworld.com,Female,73.147.205.116
141,Roley,Swindlehurst,rswindlehurst3w@pagesperso-orange.fr,Male,127.19.244.21
142,Ashlin,O'Mullaney,aomullaney3x@unblog.fr,Male,56.179.138.188
143,Nichole,Berni,nberni3y@creativecommons.org,Female,22.164.233.7
144,Myrtie,Tortis,mtortis3z@washingtonpost.com,Agender,159.161.214.1
145,Correy,Pound,cpound40@reddit.com,Male,146.209.229.207
146,Lorrayne,Gemmell,lgemmell41@boston.com,Female,14.55.222.155
147,Juli,Bish,jbish42@microsoft.com,Female,79.222.61.81
148,Judie,Matchett,jmatchett43@merriam-webster.com,Female,226.189.119.62
149,Shani,Croote,scroote44@bloglines.com,Female,63.245.141.167
150,Cazzie,Redd,credd45@nsw.gov.au,Male,87.157.231.166
151,Corney,Rosenfield,crosenfield46@tuttocitta.it,Male,61.201.224.92
152,Jillian,Feldbau,jfeldbau47@accuweather.com,Female,161.186.90.169
153,Myrtie,Bockings,mbockings48@wikia.com,Female,157.28.159.169
154,Grover,Jandl,gjandl49@ucoz.ru,Male,188.231.44.232
155,Ruttger,Bankes,rbankes4a@europa.eu,Male,219.166.239.130
156,Huntley,Pahlsson,hpahlsson4b@google.es,Male,143.171.77.141
157,Blake,Daniellot,bdaniellot4c@nsw.gov.au,Female,38.121.153.111
158,Auberon,Coltart,acoltart4d@fastcompany.com,Male,188.201.238.252
159,Mela,Trevorrow,mtrevorrow4e@twitpic.com,Female,5.6.115.139
160,Lebbie,Farney,lfarney4f@oracle.com,Female,255.140.18.64
161,Fabe,Cockroft,fcockroft4g@facebook.com,Bigender,71.64.212.253
162,Meara,Birkmyre,mbirkmyre4h@sogou.com,Female,204.18.88.240
163,Franky,Jarrad,fjarrad4i@xrea.com,Male,165.171.176.117
164,Stanislas,Fowlestone,sfowlestone4j@yellowbook.com,Male,198.78.143.108
165,Spense,Gorvin,sgorvin4k@canalblog.com,Genderfluid,93.210.198.138
166,Loydie,Boas,lboas4l@tinypic.com,Male,237.254.201.55
167,Elwood,Menco,emenco4m@naver.com,Male,90.2.21.235
168,Derrek,Corby,dcorby4n@wired.com,Male,25.56.99.251
169,Lazar,Grishelyov,lgrishelyov4o@statcounter.com,Male,228.50.27.248
170,Franzen,Hardiman,fhardiman4p@ucoz.com,Male,198.172.221.43
171,Dougy,Graalmans,dgraalmans4q@lycos.com,Male,182.201.80.152
172,Hans,Dautry,hdautry4r@blinklist.com,Male,233.20.117.252
173,Brenda,Pitcher,bpitcher4s@tuttocitta.it,Female,69.199.33.9
174,Margi,Burdon,mburdon4t@tamu.edu,Female,109.111.35.178
175,Carley,Eliaz,celiaz4u@dion.ne.jp,Female,235.193.26.123
176,Estrellita,Banstead,ebanstead4v@fotki.com,Female,24.219.186.69
177,Nikolai,Bride,nbride4w@cnbc.com,Male,170.2.184.41
178,Brand,Riggert,briggert4x@sphinn.com,Male,196.192.95.180
179,Armstrong,Revelle,arevelle4y@timesonline.co.uk,Male,35.61.150.51
180,Dane,Lidgard,dlidgard4z@shutterfly.com,Male,13.223.65.9
181,Justis,Bunyard,jbunyard50@techcrunch.com,Male,47.149.125.71
182,Dillon,Bennetto,dbennetto51@topsy.com,Male,99.225.114.160
183,Leshia,Mervyn,lmervyn52@google.pl,Female,250.134.126.214
184,Piggy,Skingle,pskingle53@unesco.org,Genderfluid,22.53.140.197
185,Ambros,Broggio,abroggio54@acquirethisname.com,Male,223.179.19.48
186,Padraic,Rubee,prubee55@360.cn,Male,197.221.180.24
187,Cobb,Oganesian,coganesian56@vimeo.com,Male,28.98.107.87
188,Richie,Mulvihill,rmulvihill57@diigo.com,Male,94.13.90.10
189,Anabal,Alyokhin,aalyokhin58@economist.com,Female,121.174.111.168
190,Clotilda,Domingues,cdomingues59@redcross.org,Female,173.177.176.252
191,Kerby,Lally,klally5a@skyrock.com,Male,78.159.170.102
192,Matthus,Normandale,mnormandale5b@thetimes.co.uk,Male,162.166.42.170
193,Kyla,Bauer,kbauer5c@skyrock.com,Female,160.153.23.206
194,Gallagher,Nesfield,gnesfield5d@moonfruit.com,Male,10.216.109.38
195,Cher,Sawkin,csawkin5e@gnu.org,Bigender,66.134.185.204
196,Osbert,Roy,oroy5f@yellowpages.com,Male,170.3.177.95
197,Renate,Thurske,rthurske5g@disqus.com,Female,21.17.112.120
198,Thadeus,Kristufek,tkristufek5h@virginia.edu,Male,132.18.145.173
199,Tedi,Sandland,tsandland5i@ow.ly,Female,50.221.115.235
200,Jessalin,Stive,jstive5j@quantcast.com,Female,114.141.18.113
201,Keen,Wrates,kwrates5k@infoseek.co.jp,Male,247.67.118.128
202,Garold,Clarke,gclarke5l@europa.eu,Male,220.214.53.124
203,Mellicent,Durtnal,mdurtnal5m@google.com,Female,56.152.80.130
204,Morty,Abbitt,mabbitt5n@mit.edu,Male,245.234.81.192
205,Robby,Welfare,rwelfare5o@com.com,Male,177.130.75.207
206,Misty,Frankish,mfrankish5p@scribd.com,Female,11.148.232.68
207,Freedman,Hollow,fhollow5q@jimdo.com,Male,237.40.59.124
208,Samuel,Wignall,swignall5r@dedecms.com,Male,121.22.96.245
209,Winfred,Heinicke,wheinicke5s@myspace.com,Male,119.34.219.5
210,Erl,Baltrushaitis,ebaltrushaitis5t@accuweather.com,Male,54.81.156.32
211,Martina,Nulty,mnulty5u@chicagotribune.com,Female,158.177.74.145
212,Rivi,Mervyn,rmervyn5v@redcross.org,Female,159.137.199.96
213,Rois,Izaks,rizaks5w@google.com.br,Female,67.193.71.4
214,Christopher,Fison,cfison5x@dedecms.com,Male,232.63.17.232
215,Skippie,McKinie,smckinie5y@nba.com,Male,10.233.77.17
216,Fanya,Hayfield,fhayfield5z@kickstarter.com,Female,205.17.43.49
217,Alonzo,Theml,atheml60@globo.com,Male,114.117.94.198
218,Salli,Marshfield,smarshfield61@gnu.org,Female,88.10.184.229
219,Tanner,Bound,tbound62@livejournal.com,Male,115.166.104.116
220,Harwell,St. Pierre,hstpierre63@nydailynews.com,Male,147.234.137.73
221,Ruttger,Postlewhite,rpostlewhite64@blogspot.com,Male,32.140.125.134
222,Kiele,Gresty,kgresty65@furl.net,Agender,84.82.66.218
223,Blakeley,Scrannage,bscrannage66@ucoz.com,Female,51.7.191.42
224,Giselbert,Walewski,gwalewski67@webs.com,Male,126.225.4.135
225,Mela,Wetwood,mwetwood68@webnode.com,Female,250.193.224.7
226,Salomon,Marriot,smarriot69@macromedia.com,Genderfluid,112.130.191.227
227,Clement,Soro,csoro6a@ameblo.jp,Male,15.57.24.187
228,Clementine,Sprankling,csprankling6b@desdev.cn,Female,90.73.57.25
229,Frannie,Grassick,fgrassick6c@ifeng.com,Female,31.167.99.229
230,Prissie,Fogt,pfogt6d@upenn.edu,Female,198.1.37.215
231,Daile,Fishbourn,dfishbourn6e@bluehost.com,Female,201.183.191.131
232,Aurea,Gamblin,agamblin6f@dailymail.co.uk,Female,207.182.103.191
233,Aubert,Northing,anorthing6g@jigsy.com,Male,41.6.227.146
234,Joaquin,Unthank,junthank6h@163.com,Male,165.109.24.249
235,Herc,Parramore,hparramore6i@europa.eu,Male,156.232.118.169
236,Ozzie,Iacovelli,oiacovelli6j@virginia.edu,Male,146.246.0.90
237,Harlan,Slatter,hslatter6k@taobao.com,Male,61.130.122.13
238,Nikita,Milward,nmilward6l@people.com.cn,Male,84.170.206.217
239,Fey,Cromer,fcromer6m@google.com.hk,Female,27.107.146.209
240,Lenard,Ansley,lansley6n@ask.com,Male,64.114.172.6
241,Costa,Spottswood,cspottswood6o@sourceforge.net,Male,116.147.8.12
242,Sasha,Stormouth,sstormouth6p@issuu.com,Female,252.80.2.42
243,Jilly,Manuaud,jmanuaud6q@shinystat.com,Female,233.42.10.80
244,Dov,Breheny,dbreheny6r@google.co.jp,Genderqueer,55.139.208.45
245,Traver,Ferdinand,tferdinand6s@livejournal.com,Male,50.40.42.189
246,Montgomery,Hackworthy,mhackworthy6t@msn.com,Agender,243.197.28.60
247,Elli,Leat,eleat6u@digg.com,Female,71.188.162.45
248,Tabb,Monkeman,tmonkeman6v@sakura.ne.jp,Male,159.118.244.219
249,Pyotr,Tight,ptight6w@businessinsider.com,Male,49.6.70.121
250,Parry,Mc Caghan,pmccaghan6x@wp.com,Male,201.226.77.7
251,Garrick,Rubartelli,grubartelli6y@php.net,Male,116.171.163.194
252,Reena,Giraldon,rgiraldon6z@vistaprint.com,Polygender,99.233.185.137
253,Hersch,Dodd,hdodd70@nationalgeographic.com,Male,220.216.169.39
254,Dolly,Keuntje,dkeuntje71@about.me,Female,147.51.243.26
255,Kare,Comettoi,kcomettoi72@theglobeandmail.com,Female,242.246.80.161
256,Phyllys,MacFadzan,pmacfadzan73@hp.com,Female,124.240.194.147
257,Sim,Sibbald,ssibbald74@berkeley.edu,Male,131.47.26.146
258,Hartwell,Fender,hfender75@i2i.jp,Male,225.120.235.221
259,Corrie,Greenleaf,cgreenleaf76@51.la,Female,155.171.183.250
260,Cassondra,Christopherson,cchristopherson77@jugem.jp,Female,125.123.121.180
261,Monroe,Bayley,mbayley78@home.pl,Male,236.236.223.53
262,Ricki,Sheers,rsheers79@usatoday.com,Male,6.236.59.68
263,Justinian,Eastbrook,jeastbrook7a@hexun.com,Male,153.52.130.146
264,Alyssa,Sommerling,asommerling7b@google.fr,Female,75.19.177.140
265,Shara,Matieu,smatieu7c@simplemachines.org,Female,219.44.224.137
266,Charlot,Vanyutin,cvanyutin7d@icio.us,Female,179.73.131.175
267,Bert,Robarts,brobarts7e@liveinternet.ru,Female,118.197.184.255
268,Milty,Kingsnoad,mkingsnoad7f@plala.or.jp,Male,74.187.1.239
269,Gabbey,Patrick,gpatrick7g@mtv.com,Female,3.204.213.21
270,Tildy,Kuhle,tkuhle7h@sun.com,Female,138.67.69.7
271,Cesya,Downer,cdowner7i@surveymonkey.com,Female,51.225.180.108
272,Feliza,Philipps,fphilipps7j@yellowbook.com,Polygender,214.193.176.10
273,Leia,Westcar,lwestcar7k@wikimedia.org,Female,16.106.165.225
274,Nadia,Pawelec,npawelec7l@usa.gov,Female,143.97.34.17
275,Joanie,Phoenix,jphoenix7m@cocolog-nifty.com,Female,19.81.91.69
276,Alfonse,Fawke,afawke7n@umn.edu,Male,140.4.214.68
277,Enid,Keble,ekeble7o@unicef.org,Female,33.132.241.220
278,Robbert,Diego,rdiego7p@google.com,Male,203.2.105.246
279,Reuven,Ollarenshaw,rollarenshaw7q@acquirethisname.com,Male,8.214.170.171
280,Nikita,Reiach,nreiach7r@google.fr,Male,64.254.240.211
281,Domeniga,Pates,dpates7s@ifeng.com,Genderqueer,204.114.182.7
282,Verile,Sacco,vsacco7t@cbsnews.com,Female,214.187.206.67
283,Ryon,Talkington,rtalkington7u@skype.com,Male,55.186.50.100
284,Wilt,Lantuffe,wlantuffe7v@de.vu,Male,37.181.13.19
285,Adams,Daborn,adaborn7w@merriam-webster.com,Male,223.31.86.189
286,Clio,Oldacres,coldacres7x@constantcontact.com,Female,78.158.179.163
287,Ebonee,Hurleston,ehurleston7y@goodreads.com,Female,33.216.5.89
288,Kermie,Catonne,kcatonne7z@imgur.com,Male,194.226.146.176
289,Jon,Matczak,jmatczak80@pbs.org,Male,107.148.15.239
290,Catlin,Hassell,chassell81@lycos.com,Female,11.206.241.1
291,Mady,Real,mreal82@ftc.gov,Female,65.66.24.253
292,Otho,Edgerly,oedgerly83@archive.org,Male,252.173.74.66
293,Tab,Wanklyn,twanklyn84@imageshack.us,Male,200.123.45.150
294,Shawn,Vivers,svivers85@furl.net,Male,172.100.68.119
295,Corey,Fattore,cfattore86@bloglovin.com,Male,176.69.53.193
296,Neils,Child,nchild87@hatena.ne.jp,Male,219.251.229.130
297,Jobyna,Bellison,jbellison88@themeforest.net,Female,22.215.118.95
298,Rollo,O'Cannon,rocannon89@squidoo.com,Male,248.36.145.124
299,Betsey,Drepp,bdrepp8a@latimes.com,Female,246.165.65.218
300,Ermengarde,Evans,eevans8b@phpbb.com,Female,158.20.76.80
301,Jermaine,Duddan,jduddan8c@dion.ne.jp,Male,142.38.100.143
302,Yorker,Mallam,ymallam8d@unblog.fr,Male,135.230.183.52
303,Ferdie,Brome,fbrome8e@ucsd.edu,Male,117.180.205.250
304,Loni,Francke,lfrancke8f@phoca.cz,Female,149.144.59.36
305,Alisa,Stutely,astutely8g@wix.com,Female,97.4.134.180
306,Dew,D'eye,ddeye8h@cyberchimps.com,Male,113.70.39.196
307,Marybelle,Wace,mwace8i@wikia.com,Female,235.21.191.50
308,Truman,Colchett,tcolchett8j@goo.gl,Male,39.42.41.110
309,Wendeline,Feasey,wfeasey8k@com.com,Female,65.134.8.104
310,Amelie,Gonnard,agonnard8l@answers.com,Female,120.186.112.14
311,Cherice,McConaghy,cmcconaghy8m@imgur.com,Female,126.175.32.2
312,Ky,Kirwood,kkirwood8n@un.org,Male,148.142.119.220
313,Reena,Willmont,rwillmont8o@indiatimes.com,Female,46.49.217.38
314,Alister,Measen,ameasen8p@eventbrite.com,Male,163.201.24.25
315,Evvie,Lindsey,elindsey8q@disqus.com,Female,47.127.179.180
316,Filippo,Sprulls,fsprulls8r@liveinternet.ru,Male,181.32.200.132
317,Trev,Speeding,tspeeding8s@dell.com,Male,44.238.91.242
318,Kathe,McDaid,kmcdaid8t@parallels.com,Female,181.116.111.210
319,Collete,Freezer,cfreezer8u@delicious.com,Female,51.228.240.58
320,Hieronymus,Cranefield,hcranefield8v@utexas.edu,Male,156.115.16.192
321,Giustino,Tenbrug,gtenbrug8w@yandex.ru,Male,154.70.138.184
322,Dolph,Loverock,dloverock8x@house.gov,Male,133.116.156.219
323,Taddeusz,Risom,trisom8y@nbcnews.com,Male,12.179.47.105
324,Cheri,Durram,cdurram8z@ning.com,Female,20.204.21.165
325,Hiram,Albiston,halbiston90@ebay.com,Male,146.142.246.14
326,Job,Antosik,jantosik91@statcounter.com,Male,237.100.116.34
327,Emanuel,Chaffen,echaffen92@whitehouse.gov,Male,21.194.23.118
328,Giffy,Genny,ggenny93@toplist.cz,Male,247.84.33.21
329,Ahmed,Awdry,aawdry94@weebly.com,Male,3.68.7.128
330,Desirae,Fairpo,dfairpo95@devhub.com,Female,141.5.158.36
331,Ferrell,Guise,fguise96@irs.gov,Male,107.73.51.146
332,Guillermo,Ghilks,gghilks97@prnewswire.com,Male,212.239.130.28
333,Lincoln,Stoven,lstoven98@123-reg.co.uk,Male,84.243.143.54
334,Tallia,Lapping,tlapping99@indiatimes.com,Female,110.5.97.148
335,Clementine,Felix,cfelix9a@dell.com,Female,70.168.44.244
336,Kylynn,Benettolo,kbenettolo9b@discovery.com,Female,37.135.210.25
337,Natty,Altham,naltham9c@google.es,Female,98.123.244.216
338,Thornie,Hyde-Chambers,thydechambers9d@gov.uk,Male,203.41.18.163
339,Shirleen,Vasilchenko,svasilchenko9e@telegraph.co.uk,Female,239.76.81.9
340,Phillida,Woodruff,pwoodruff9f@japanpost.jp,Female,42.100.29.15
341,Cheryl,Dodimead,cdodimead9g@cdbaby.com,Female,246.119.99.182
342,Timmie,Fallen,tfallen9h@apple.com,Male,113.174.205.141
343,Norbert,Seamarke,nseamarke9i@omniture.com,Male,10.178.91.142
344,Stace,Garahan,sgarahan9j@hostgator.com,Female,6.61.45.200
345,Zora,Perse,zperse9k@discuz.net,Female,162.104.2.216
346,Witty,Binny,wbinny9l@bloglovin.com,Genderqueer,186.58.222.64
347,Gunar,Hubbard,ghubbard9m@t-online.de,Male,121.24.226.249
348,Frasier,Stanfield,fstanfield9n@cnet.com,Male,244.49.17.97
349,Mariellen,Ludlam,mludlam9o@reddit.com,Female,167.193.85.117
350,Staford,Brimham,sbrimham9p@sciencedaily.com,Male,2.66.178.238
351,Elisa,Truss,etruss9q@mapy.cz,Female,143.13.101.254
352,Cymbre,McHenry,cmchenry9r@cafepress.com,Non-binary,213.249.79.61
353,Shir,Brandreth,sbrandreth9s@ftc.gov,Female,129.139.127.65
354,Kenneth,Senter,ksenter9t@simplemachines.org,Male,148.52.7.204
355,Ree,Millican,rmillican9u@list-manage.com,Female,159.69.146.218
356,Wilie,Rakes,wrakes9v@canalblog.com,Female,221.175.90.27
357,Edin,Righy,erighy9w@shareasale.com,Female,124.208.15.105
358,Mirna,Pelos,mpelos9x@washingtonpost.com,Female,232.119.30.160
359,Tera,Gillow,tgillow9y@surveymonkey.com,Female,158.76.248.101
360,Dionis,Standidge,dstandidge9z@naver.com,Non-binary,179.94.185.129
361,Hagan,Jarred,hjarreda0@psu.edu,Male,11.154.146.214
362,Granny,Macieja,gmaciejaa1@chronoengine.com,Male,100.60.7.199
363,Ileane,Eastlake,ieastlakea2@slashdot.org,Female,28.94.217.30
364,Kain,Faust,kfausta3@ebay.com,Male,6.56.120.179
365,Vivianne,Devericks,vdevericksa4@paginegialle.it,Female,255.34.108.192
366,Kirsteni,Shark,ksharka5@unicef.org,Female,65.21.36.134
367,Carlin,Eldon,celdona6@123-reg.co.uk,Female,14.51.242.186
368,Kessia,Brookson,kbrooksona7@networkadvertising.org,Female,51.218.71.40
369,Adham,De Pietri,adepietria8@paypal.com,Male,145.97.26.108
370,Joyan,Musso,jmussoa9@tinyurl.com,Female,55.109.168.221
371,Betteann,Melior,bmelioraa@seattletimes.com,Female,8.177.228.39
372,Hartwell,Volante,hvolanteab@eventbrite.com,Male,45.86.117.240
373,Shandie,Ginnety,sginnetyac@vinaora.com,Female,87.28.79.107
374,Codi,Haselup,chaselupad@bluehost.com,Polygender,8.190.237.52
375,Shep,Garroway,sgarrowayae@senate.gov,Male,144.37.93.206
376,Rriocard,Martina,rmartinaaf@ucsd.edu,Male,72.78.160.38
377,Bart,Felten,bfeltenag@elegantthemes.com,Male,209.129.176.169
378,Deloris,Spinley,dspinleyah@webnode.com,Female,89.97.151.4
379,Arlyn,Curston,acurstonai@php.net,Female,122.113.224.16
380,Isidor,Pulteneye,ipulteneyeaj@unblog.fr,Male,159.201.39.97
381,Klement,Fursse,kfursseak@virginia.edu,Male,228.88.124.211
382,Andie,Brideaux,abrideauxal@typepad.com,Male,138.233.106.52
383,Lenora,Dimmack,ldimmackam@de.vu,Female,165.104.126.28
384,Lewiss,Proctor,lproctoran@e-recht24.de,Bigender,71.35.200.235
385,Dulci,Quinion,dquinionao@weebly.com,Female,127.185.54.253
386,Wynne,Johnes,wjohnesap@amazonaws.com,Female,216.32.25.170
387,Nestor,Rousell,nrousellaq@csmonitor.com,Male,72.225.105.9
388,Christoph,Corstorphine,ccorstorphinear@elpais.com,Male,174.133.105.22
389,Godard,Klich,gklichas@msu.edu,Male,1.2.12.3
390,Celeste,McQuode,cmcquodeat@marketwatch.com,Non-binary,246.219.114.50
391,Malachi,Stoffels,mstoffelsau@home.pl,Male,44.30.131.20
392,Layne,Conkie,lconkieav@thetimes.co.uk,Female,66.4.80.81
393,Jacquette,Peggrem,jpeggremaw@boston.com,Female,125.113.180.11
394,Rickert,Sibray,rsibrayax@ucsd.edu,Male,32.178.92.2
395,Arabele,Heyns,aheynsay@spiegel.de,Female,118.201.235.151
396,Irwinn,Thirlaway,ithirlawayaz@unicef.org,Male,123.83.195.163
397,Elwin,Dell Casa,edellcasab0@yandex.ru,Male,196.133.248.143
398,Terrye,Retallick,tretallickb1@jalbum.net,Female,69.164.254.61
399,Shandee,Gleave,sgleaveb2@dion.ne.jp,Female,97.106.166.42
400,Nichols,Longthorn,nlongthornb3@prlog.org,Male,55.96.188.34
401,Billi,Vayne,bvayneb4@ihg.com,Female,35.37.15.178
402,Yorker,Pinkerton,ypinkertonb5@123-reg.co.uk,Male,4.89.198.229
403,Kacey,Downse,kdownseb6@plala.or.jp,Bigender,148.87.180.170
404,Lilla,Sidnell,lsidnellb7@clickbank.net,Female,113.99.67.194
405,Miof mela,Hullyer,mhullyerb8@washingtonpost.com,Female,162.0.12.65
406,Carleton,Umbert,cumbertb9@hud.gov,Male,58.26.230.190
407,Boonie,Perago,bperagoba@patch.com,Male,237.207.158.78
408,Amalee,Yeo,ayeobb@techcrunch.com,Bigender,56.92.147.89
409,Kelcy,Rosenkrantz,krosenkrantzbc@howstuffworks.com,Female,53.128.193.44
410,Moise,Gowland,mgowlandbd@reuters.com,Male,64.166.125.204
411,Tess,Danilchenko,tdanilchenkobe@hatena.ne.jp,Female,26.111.172.228
412,Pietro,Bursnell,pbursnellbf@skype.com,Male,95.137.138.188
413,Aeriel,Tocknell,atocknellbg@timesonline.co.uk,Female,164.157.40.187
414,Teodoor,Haldene,thaldenebh@oaic.gov.au,Male,72.185.107.135
415,Odelinda,Felkin,ofelkinbi@last.fm,Bigender,241.28.122.180
416,Germayne,Fishleigh,gfishleighbj@wikimedia.org,Male,163.234.23.48
417,Gualterio,Shipcott,gshipcottbk@cdc.gov,Genderqueer,47.64.232.178
418,Gery,Bettridge,gbettridgebl@microsoft.com,Male,15.79.246.64
419,Noelyn,Manlow,nmanlowbm@goo.ne.jp,Female,27.6.242.187
420,Christina,Featherstonhaugh,cfeatherstonhaughbn@live.com,Female,254.115.151.15
421,Brade,Gemmill,bgemmillbo@github.com,Male,39.245.193.225
422,Daloris,McFayden,dmcfaydenbp@theguardian.com,Female,93.9.49.1
423,Loydie,De Hooge,ldehoogebq@163.com,Male,104.164.147.70
424,Annissa,Blondelle,ablondellebr@statcounter.com,Female,193.83.247.66
425,Frannie,Hastewell,fhastewellbs@dot.gov,Female,32.230.38.126
426,Royal,Keunemann,rkeunemannbt@blogspot.com,Polygender,60.137.180.247
427,Ondrea,Mote,omotebu@e-recht24.de,Female,50.59.146.175
428,Roseanne,Yalden,ryaldenbv@seattletimes.com,Female,99.230.161.97
429,Ellary,Warters,ewartersbw@wsj.com,Male,110.154.23.207
430,Vivyan,Ellerbeck,vellerbeckbx@hud.gov,Female,198.238.39.107
431,Bonnie,Dengate,bdengateby@wsj.com,Female,242.12.43.177
432,Delmore,Pawfoot,dpawfootbz@nhs.uk,Male,40.96.112.154
433,Deirdre,Fasse,dfassec0@ucoz.ru,Female,51.242.102.27
434,Liuka,Taplow,ltaplowc1@netvibes.com,Female,20.105.46.33
435,Cortney,Tellenbrook,ctellenbrookc2@economist.com,Female,181.222.136.194
436,Tomi,Hodjetts,thodjettsc3@google.co.jp,Female,80.236.203.86
437,Dallis,Hebner,dhebnerc4@sakura.ne.jp,Male,183.32.97.9
438,Yurik,Leipold,yleipoldc5@plala.or.jp,Male,96.145.56.24
439,Valdemar,Arnoldi,varnoldic6@fastcompany.com,Male,54.43.56.145
440,Anna-maria,Rysdale,arysdalec7@creativecommons.org,Female,14.59.107.13
441,Bevon,Sapson,bsapsonc8@comsenz.com,Male,2.197.227.3
442,Mead,Mulkerrins,mmulkerrinsc9@hugedomains.com,Male,23.52.144.117
443,Frederik,Attenborrow,fattenborrowca@mapquest.com,Male,144.166.40.53
444,Ernesta,Rene,erenecb@barnesandnoble.com,Female,186.59.139.176
445,Clarice,Jobling,cjoblingcc@blog.com,Female,190.18.103.101
446,Hugh,Delieu,hdelieucd@nps.gov,Male,107.59.215.198
447,Reinold,Kinnaird,rkinnairdce@hatena.ne.jp,Male,73.1.245.218
448,Demetri,Fildery,dfilderycf@usda.gov,Male,233.134.226.223
449,Jameson,Faill,jfaillcg@slate.com,Male,222.252.205.20
450,Berni,Pratt,bprattch@rakuten.co.jp,Female,34.51.73.245
451,Doralia,McNaught,dmcnaughtci@weebly.com,Female,231.244.230.29
452,Fredric,Clarycott,fclarycottcj@sciencedaily.com,Male,38.198.147.253
453,Lauretta,Lenney,llenneyck@economist.com,Polygender,209.145.10.208
454,Ezequiel,Jago,ejagocl@drupal.org,Male,170.246.50.232
455,Davita,Lemme,dlemmecm@hc360.com,Female,154.126.154.246
456,Kathi,Paradise,kparadisecn@army.mil,Female,98.82.212.100
457,Cinderella,Poulsen,cpoulsenco@netlog.com,Female,37.208.83.214
458,Eden,Rentcome,erentcomecp@home.pl,Female,252.232.216.84
459,Vicki,Ghiraldi,vghiraldicq@chronoengine.com,Female,41.148.96.1
460,Ava,Pauer,apauercr@tripod.com,Female,168.137.158.213
461,Ailyn,Yeude,ayeudecs@yelp.com,Agender,211.72.62.236
462,Garrott,Onyon,gonyonct@tuttocitta.it,Male,242.136.158.211
463,Nancy,Mossop,nmossopcu@reference.com,Female,239.196.190.156
464,Sonia,Layton,slaytoncv@google.pl,Female,78.67.112.51
465,Willabella,Woolcocks,wwoolcockscw@gov.uk,Female,81.133.77.40
466,Cristine,Rolph,crolphcx@wsj.com,Bigender,59.186.54.122
467,Enrika,Burfield,eburfieldcy@csmonitor.com,Female,145.157.212.214
468,Roosevelt,McGlone,rmcglonecz@zdnet.com,Male,18.121.234.172
469,Curry,Pavolillo,cpavolillod0@theglobeandmail.com,Male,220.243.96.35
470,Franni,Vasin,fvasind1@netscape.com,Genderfluid,9.87.157.118
471,Cloe,Meneghelli,cmeneghellid2@paginegialle.it,Female,180.143.91.89
472,Madel,Ilden,mildend3@1und1.de,Female,163.37.63.147
473,Bert,Dederich,bdederichd4@bloglines.com,Male,189.19.168.208
474,Addie,Murie,amuried5@java.com,Female,65.96.170.208
475,Gertie,Heinl,gheinld6@paypal.com,Female,67.210.127.216
476,Kattie,Vasiliev,kvasilievd7@stumbleupon.com,Female,162.151.130.40
477,Pail,Wermerling,pwermerlingd8@netvibes.com,Male,19.213.88.186
478,Rutger,Hyne,rhyned9@slate.com,Male,57.160.151.1
479,Chrissy,Kirtland,ckirtlandda@hugedomains.com,Male,5.31.251.48
480,Ferrel,Guynemer,fguynemerdb@about.com,Male,65.197.87.31
481,Henrik,Alvarez,halvarezdc@newsvine.com,Male,163.179.174.124
482,Annie,Antusch,aantuschdd@vimeo.com,Female,215.63.88.60
483,Martita,Egarr,megarrde@apache.org,Bigender,65.128.111.168
484,Grant,Knotte,gknottedf@illinois.edu,Male,186.170.248.120
485,Thurstan,McTrustrie,tmctrustriedg@unicef.org,Agender,72.86.93.57
486,Germana,Mayo,gmayodh@shop-pro.jp,Polygender,250.91.32.86
487,Robbyn,Hagan,rhagandi@boston.com,Genderfluid,4.165.206.150
488,Gawen,Crenage,gcrenagedj@drupal.org,Male,236.153.133.63
489,Haven,Feldbrin,hfeldbrindk@mayoclinic.com,Male,79.167.122.116
490,Lon,Cumpton,lcumptondl@webeden.co.uk,Male,0.110.25.195
491,Lana,Hugin,lhugindm@tripod.com,Female,59.88.77.161
492,Tomi,Eadie,teadiedn@noaa.gov,Female,138.22.220.70
493,Estel,Neylon,eneylondo@scientificamerican.com,Female,0.117.158.197
494,Decca,Vance,dvancedp@blinklist.com,Male,76.41.167.40
495,Malachi,Alderwick,malderwickdq@gravatar.com,Male,27.135.254.132
496,Emmey,Shearmer,eshearmerdr@harvard.edu,Female,35.254.62.162
497,Charlton,Marshland,cmarshlandds@oracle.com,Male,236.22.52.128
498,Pincus,Spaldin,pspaldindt@feedburner.com,Male,53.163.223.92
499,Augustus,Leithgoe,aleithgoedu@indiatimes.com,Male,0.105.200.16
500,Billie,Hanselman,bhanselmandv@shareasale.com,Female,209.7.138.169
501,George,Taunton.,gtauntondw@narod.ru,Male,115.159.170.7
502,Brandice,Lorenzetti,blorenzettidx@house.gov,Female,164.66.190.100
503,Cristin,Longbone,clongbonedy@fema.gov,Agender,222.104.0.174
504,Carri,Bogaert,cbogaertdz@xinhuanet.com,Female,83.194.179.242
505,Cordie,Lejeune,clejeunee0@biglobe.ne.jp,Female,48.151.121.222
506,Sandra,Readhead,sreadheade1@shareasale.com,Genderqueer,242.127.178.181
507,Leigha,Bradd,lbradde2@networksolutions.com,Female,26.241.153.166
508,Trista,Mancktelow,tmancktelowe3@phoca.cz,Female,156.108.106.163
509,Xylina,Gilleson,xgillesone4@live.com,Female,58.191.104.151
510,Job,Drain,jdraine5@cloudflare.com,Male,14.36.187.97
511,Eugenio,Andreev,eandreeve6@whitehouse.gov,Male,1.249.80.238
512,Kalil,Lehrahan,klehrahane7@wikispaces.com,Male,172.62.246.194
513,Orazio,Keneleyside,okeneleysidee8@pagesperso-orange.fr,Male,204.90.130.246
514,Rickard,Emor,remore9@cyberchimps.com,Male,209.114.121.215
515,Cale,Allott,callottea@eepurl.com,Male,37.85.39.242
516,Bobbette,Rylands,brylandseb@weibo.com,Female,10.150.147.186
517,Wadsworth,Ingman,wingmanec@jugem.jp,Male,233.189.14.102
518,Stormie,Moral,smoraled@biblegateway.com,Female,106.89.255.41
519,Nomi,Tombling,ntomblingee@so-net.ne.jp,Female,249.188.79.115
520,Rozele,Zelley,rzelleyef@desdev.cn,Female,215.34.240.228
521,Herman,Di Baudi,hdibaudieg@ebay.co.uk,Male,167.16.147.82
522,Edd,Curson,ecursoneh@pcworld.com,Male,87.157.83.101
523,Nelli,Bisley,nbisleyei@dailymail.co.uk,Female,203.225.97.125
524,Mellie,Cockshoot,mcockshootej@dmoz.org,Female,5.74.219.116
525,Liz,Haydney,lhaydneyek@blog.com,Female,117.119.199.97
526,Elysee,Mackett,emackettel@shinystat.com,Female,67.88.219.241
527,Giulia,Healing,ghealingem@google.it,Female,159.102.198.17
528,Fabien,Gregorin,fgregorinen@sina.com.cn,Male,155.112.176.99
529,Tricia,Edgeson,tedgesoneo@ft.com,Female,7.245.239.85
530,Berty,Rozea,brozeaep@virginia.edu,Male,22.163.244.193
531,Cedric,Dayce,cdayceeq@java.com,Bigender,221.240.13.185
532,Ingram,Tovey,itoveyer@tripod.com,Male,62.6.128.179
533,Alissa,O'Clery,aocleryes@dailymail.co.uk,Female,149.253.119.207
534,Shel,Harpur,sharpuret@ustream.tv,Female,22.205.29.7
535,Bernie,Hilland,bhillandeu@fastcompany.com,Female,17.183.117.124
536,Neel,Lestrange,nlestrangeev@senate.gov,Male,155.175.99.72
537,Maia,Clacey,mclaceyew@usnews.com,Female,169.248.221.41
538,Clarinda,Orchart,corchartex@boston.com,Female,242.234.107.245
539,Tally,Itzkovsky,titzkovskyey@cdc.gov,Male,181.190.212.80
540,Rickie,Goscomb,rgoscombez@icio.us,Female,32.202.50.12
541,Corrina,Senecaux,csenecauxf0@webs.com,Female,135.20.77.96
542,Alexandra,Leming,alemingf1@wikia.com,Female,155.140.205.70
543,Gusella,Windaybank,gwindaybankf2@ezinearticles.com,Genderqueer,94.244.203.27
544,Lulu,Cato,lcatof3@twitter.com,Female,159.210.222.42
545,Gardie,Finnemore,gfinnemoref4@craigslist.org,Bigender,88.75.24.48
546,Ashlie,Walentynowicz,awalentynowiczf5@rambler.ru,Female,125.120.25.31
547,Hubert,Risbridge,hrisbridgef6@hexun.com,Male,206.106.105.40
548,Abbey,Ivashchenko,aivashchenkof7@mtv.com,Female,70.102.34.79
549,Nero,Dayly,ndaylyf8@pinterest.com,Male,6.225.215.21
550,Purcell,Hammelberg,phammelbergf9@pbs.org,Male,118.174.124.229
551,Darill,Falla,dfallafa@japanpost.jp,Male,58.15.220.224
552,Dian,Tuke,dtukefb@prnewswire.com,Female,76.16.207.31
553,Natale,Evins,nevinsfc@unblog.fr,Male,187.200.38.54
554,Geno,Licciardi,glicciardifd@kickstarter.com,Male,225.171.216.23
555,Keane,Beeke,kbeekefe@usa.gov,Male,241.43.187.176
556,Rosemarie,Hebburn,rhebburnff@intel.com,Female,74.40.99.42
557,Stafani,Froschauer,sfroschauerfg@shareasale.com,Female,199.192.70.186
558,Osborne,Redon,oredonfh@alibaba.com,Male,5.8.205.135
559,Sharity,Pallesen,spallesenfi@moonfruit.com,Female,2.249.60.224
560,Venita,Essery,vesseryfj@soundcloud.com,Female,122.112.133.236
561,Clemmy,Collidge,ccollidgefk@nhs.uk,Female,71.62.67.151
562,Ber,MacKaile,bmackailefl@yandex.ru,Male,208.113.255.83
563,Steffi,Haselgrove,shaselgrovefm@jiathis.com,Female,231.210.105.242
564,Ellswerth,Flips,eflipsfn@weebly.com,Male,13.255.111.16
565,Ervin,Chyuerton,echyuertonfo@utexas.edu,Male,98.55.39.178
566,Alfie,Carnall,acarnallfp@phoca.cz,Polygender,14.24.157.53
567,Chloette,Lintin,clintinfq@senate.gov,Female,215.57.187.80
568,Rainer,Niesel,rnieselfr@miitbeian.gov.cn,Male,61.7.189.232
569,Jan,Matussevich,jmatussevichfs@pen.io,Male,196.103.230.43
570,Alva,Cawthra,acawthraft@list-manage.com,Male,129.251.85.236
571,Xavier,Seagar,xseagarfu@topsy.com,Male,204.61.253.129
572,Blinni,Yashin,byashinfv@wikia.com,Bigender,40.206.119.120
573,Clayson,Maudson,cmaudsonfw@yelp.com,Male,235.222.84.244
574,Garrik,MacAughtrie,gmacaughtriefx@census.gov,Male,2.53.87.149
575,Roseanne,Ganforthe,rganforthefy@shutterfly.com,Agender,167.124.128.30
576,Levon,Rehorek,lrehorekfz@cafepress.com,Male,85.149.183.136
577,Binni,Gierck,bgierckg0@example.com,Female,221.213.39.188
578,Erhart,Syalvester,esyalvesterg1@microsoft.com,Male,245.39.201.7
579,Kenn,Woolley,kwoolleyg2@cloudflare.com,Male,10.148.96.65
580,Chrisy,Bodman,cbodmang3@nba.com,Male,248.241.75.72
581,Halette,Rook,hrookg4@paginegialle.it,Female,110.63.156.122
582,Giacinta,Benes,gbenesg5@twitter.com,Polygender,250.45.210.58
583,Belicia,Aldrich,baldrichg6@wikispaces.com,Female,100.106.100.240
584,Maryann,Serck,mserckg7@accuweather.com,Female,147.122.21.132
585,Christabella,MacBrearty,cmacbreartyg8@purevolume.com,Female,179.12.14.73
586,Gawen,Mitchenson,gmitchensong9@senate.gov,Male,72.239.5.96
587,Hailee,O'Lenane,holenanega@spiegel.de,Female,226.164.152.165
588,Ardeen,Gatsby,agatsbygb@nymag.com,Female,180.208.211.223
589,Rees,Pinchin,rpinchingc@cdbaby.com,Male,129.253.232.52
590,Yance,Cassell,ycassellgd@gizmodo.com,Male,223.76.234.115
591,Matelda,Crosse,mcrossege@ca.gov,Female,239.185.117.59
592,Maura,Blum,mblumgf@google.pl,Female,176.251.200.152
593,Anderson,Cominello,acominellogg@accuweather.com,Male,195.46.37.179
594,Nealy,Loosely,nlooselygh@digg.com,Male,3.212.109.70
595,Francois,Swannie,fswanniegi@census.gov,Male,110.134.3.206
596,Robbyn,Tenaunt,rtenauntgj@europa.eu,Female,140.204.67.157
597,Falkner,Fyall,ffyallgk@cisco.com,Male,39.216.3.31
598,Cosette,Smithers,csmithersgl@networkadvertising.org,Female,44.55.23.65
599,Lenka,Bleakman,lbleakmangm@ox.ac.uk,Female,73.224.169.206
600,Em,Piell,epiellgn@xrea.com,Female,115.45.223.90
601,Tanner,Semble,tsemblego@harvard.edu,Male,231.59.9.65
602,Christa,Brinsden,cbrinsdengp@cam.ac.uk,Female,181.41.60.215
603,Rod,Woolerton,rwoolertongq@wordpress.org,Male,78.26.27.16
604,Cammy,Weekley,cweekleygr@macromedia.com,Agender,12.126.24.110
605,Cesaro,Houndesome,choundesomegs@simplemachines.org,Male,88.131.184.226
606,Ramsey,Reavell,rreavellgt@vimeo.com,Male,28.66.91.164
607,Davie,Vern,dverngu@google.com,Male,213.213.6.165
608,Cassie,Billington,cbillingtongv@dyndns.org,Male,115.22.143.68
609,Catha,Seton,csetongw@seattletimes.com,Female,189.160.93.113
610,Raoul,Sibly,rsiblygx@hhs.gov,Male,48.217.171.152
611,Genevieve,Iiannoni,giiannonigy@deliciousdays.com,Female,29.6.202.106
612,Fenelia,Pulfer,fpulfergz@deliciousdays.com,Female,119.0.19.179
613,Parker,Evershed,pevershedh0@diigo.com,Male,44.158.135.58
614,Renato,Rameaux,rrameauxh1@phpbb.com,Male,117.80.99.247
615,Sydney,Gives,sgivesh2@phoca.cz,Male,66.150.7.33
616,Jocelyne,Garfath,jgarfathh3@mail.ru,Female,57.124.232.242
617,Marika,Jovovic,mjovovich4@chronoengine.com,Polygender,4.196.22.191
618,Gayle,Jevons,gjevonsh5@reuters.com,Female,137.128.50.169
619,Violetta,Bramah,vbramahh6@guardian.co.uk,Female,165.116.64.66
620,Dara,Cavaney,dcavaneyh7@skype.com,Non-binary,208.38.138.4
621,Beverie,Kurton,bkurtonh8@networkadvertising.org,Female,95.91.40.177
622,Ignacio,Bowdon,ibowdonh9@google.com,Male,207.248.156.214
623,Shayna,Banasiak,sbanasiakha@bbc.co.uk,Female,183.162.184.188
624,Normie,Rowbottam,nrowbottamhb@xinhuanet.com,Male,155.55.243.111
625,Earvin,Bollini,ebollinihc@sina.com.cn,Male,54.187.27.196
626,Claudine,Yoslowitz,cyoslowitzhd@usnews.com,Female,230.227.139.125
627,Estevan,Benley,ebenleyhe@cnet.com,Male,196.191.232.117
628,Matty,Busfield,mbusfieldhf@bigcartel.com,Male,169.75.94.184
629,Dyana,Nourse,dnoursehg@time.com,Female,250.97.215.215
630,Bradly,Kenneford,bkennefordhh@columbia.edu,Male,96.61.170.68
631,Anny,Hannaby,ahannabyhi@sina.com.cn,Female,30.33.178.57
632,Brigitte,Bernardet,bbernardethj@phoca.cz,Female,251.191.16.147
633,Curr,D'Aulby,cdaulbyhk@technorati.com,Male,167.11.6.50
634,Evin,Knock,eknockhl@geocities.com,Male,229.17.109.11
635,Woody,Fenck,wfenckhm@tinyurl.com,Male,166.2.184.156
636,Lenette,Pouton,lpoutonhn@vistaprint.com,Female,8.73.105.209
637,Ginger,Deare,gdeareho@studiopress.com,Genderqueer,14.106.209.155
638,Nappy,Prettjohn,nprettjohnhp@a8.net,Male,203.142.235.36
639,Earvin,Szymonwicz,eszymonwiczhq@squidoo.com,Polygender,92.236.198.44
640,Sylvan,Kinloch,skinlochhr@nydailynews.com,Male,78.129.8.228
641,Karoly,Raitt,kraitths@dedecms.com,Male,63.134.120.243
642,Arel,Blampey,ablampeyht@tinypic.com,Male,75.65.12.169
643,Lelah,Cullin,lcullinhu@mayoclinic.com,Female,46.204.17.178
644,Bernarr,Davison,bdavisonhv@nsw.gov.au,Male,238.160.132.158
645,Letti,Esbrook,lesbrookhw@mtv.com,Bigender,193.34.167.148
646,Evangeline,Peyntue,epeyntuehx@nature.com,Agender,36.159.186.196
647,Jarib,Bixley,jbixleyhy@si.edu,Agender,66.234.252.18
648,Rickie,Gorelli,rgorellihz@house.gov,Male,244.124.103.164
649,Bucky,Breckenridge,bbreckenridgei0@usda.gov,Genderfluid,221.157.88.139
650,Simmonds,Gabbott,sgabbotti1@bbb.org,Male,197.154.130.71
651,Leyla,Mcall,lmcalli2@java.com,Female,144.180.160.242
652,Regina,Gowdridge,rgowdridgei3@mozilla.com,Female,198.129.39.176
653,Donna,Craigmile,dcraigmilei4@tripod.com,Female,180.207.51.94
654,Pia,Carrivick,pcarrivicki5@wordpress.com,Female,87.96.220.248
655,De witt,Whitcher,dwhitcheri6@youtube.com,Male,134.35.158.172
656,Reta,McGifford,rmcgiffordi7@wix.com,Female,159.4.254.29
657,Veradis,Deex,vdeexi8@sphinn.com,Non-binary,142.189.50.3
658,Cord,Chavey,cchaveyi9@usgs.gov,Male,222.0.210.220
659,Libbie,Magor,lmagoria@home.pl,Female,102.86.108.152
660,Othilie,Greeves,ogreevesib@desdev.cn,Female,49.108.112.103
661,Alasdair,Toms,atomsic@altervista.org,Male,92.22.12.251
662,Waldon,Wanderschek,wwanderschekid@shutterfly.com,Male,1.159.118.48
663,Horatio,Spraggon,hspraggonie@dagondesign.com,Male,34.96.213.170
664,Zackariah,Folbigg,zfolbiggif@istockphoto.com,Male,127.46.8.158
665,Cyrus,Pipes,cpipesig@redcross.org,Male,194.34.113.90
666,Marie-ann,Tisor,mtisorih@noaa.gov,Female,78.207.164.201
667,Corrie,Grenshields,cgrenshieldsii@pinterest.com,Male,140.75.51.192
668,Godart,Marsie,gmarsieij@plala.or.jp,Male,198.226.17.203
669,Loralie,Elford,lelfordik@reference.com,Female,206.73.213.108
670,Pamelina,Orrey,porreyil@engadget.com,Female,42.10.116.59
671,Thom,Anfossi,tanfossiim@e-recht24.de,Male,12.3.125.166
672,Sargent,Toller,stollerin@boston.com,Male,248.75.59.212
673,Kacey,Delhanty,kdelhantyio@amazon.de,Female,125.188.229.252
674,Brita,Fatscher,bfatscherip@xing.com,Female,56.105.234.69
675,Alverta,Rivett,arivettiq@printfriendly.com,Female,200.154.41.137
676,Sonya,Scane,sscaneir@wired.com,Female,181.60.100.101
677,Chiquia,Haresnaip,charesnaipis@si.edu,Female,162.103.183.193
678,Tate,Trimming,ttrimmingit@stanford.edu,Male,239.88.180.39
679,Denys,Trevaskus,dtrevaskusiu@reference.com,Male,79.82.124.17
680,Coretta,Ambrogioli,cambrogioliiv@rediff.com,Female,99.219.84.206
681,Vanna,McInerney,vmcinerneyiw@hc360.com,Polygender,3.109.93.137
682,Richardo,MacCafferky,rmaccafferkyix@nature.com,Male,149.129.74.50
683,Tadd,Robbings,trobbingsiy@bandcamp.com,Male,66.221.77.209
684,Pren,Kinver,pkinveriz@youtube.com,Male,164.221.107.47
685,Michaelina,Hamor,mhamorj0@lycos.com,Female,104.185.142.112
686,Sasha,Tudball,studballj1@sina.com.cn,Male,80.29.203.170
687,Joni,Dearden,jdeardenj2@yahoo.com,Female,26.183.175.122
688,Celine,Heart,cheartj3@theglobeandmail.com,Female,35.4.212.227
689,Rochester,York,ryorkj4@ameblo.jp,Male,163.103.19.239
690,Jeanelle,Northage,jnorthagej5@google.es,Female,176.120.196.167
691,Tucky,Jeannel,tjeannelj6@timesonline.co.uk,Male,250.167.100.137
692,Deanna,Rewcastle,drewcastlej7@ovh.net,Female,28.14.46.100
693,Alethea,Mompesson,amompessonj8@narod.ru,Female,162.111.156.41
694,Geordie,Comolli,gcomollij9@sbwire.com,Male,247.46.128.194
695,Hermia,Ege,hegeja@e-recht24.de,Female,206.91.39.51
696,Susette,Evequot,sevequotjb@github.io,Female,130.47.193.111
697,Nil,Zum Felde,nzumfeldejc@cpanel.net,Male,33.192.71.109
698,Gusty,Whatman,gwhatmanjd@gmpg.org,Female,15.197.247.8
699,Lindsey,Henrych,lhenrychje@mtv.com,Male,72.36.174.183
700,Kingsley,Poxson,kpoxsonjf@acquirethisname.com,Male,42.4.177.88
701,Marie-ann,Garlick,mgarlickjg@hud.gov,Female,181.219.106.251
702,Carmelle,Larrat,clarratjh@un.org,Female,37.131.163.15
703,Vince,Duckitt,vduckittji@fema.gov,Male,162.185.178.108
704,Mariya,Rawcliff,mrawcliffjj@virginia.edu,Female,75.6.91.29
705,Jordon,Lemon,jlemonjk@reverbnation.com,Male,36.91.118.152
706,Elenore,Luparto,elupartojl@free.fr,Polygender,128.26.185.255
707,Deedee,Janu,djanujm@webnode.com,Female,61.17.185.230
708,Corny,Lory,cloryjn@spotify.com,Female,161.34.95.160
709,Hobard,Crunkhurn,hcrunkhurnjo@live.com,Male,178.10.71.246
710,Connie,Bailie,cbailiejp@bbc.co.uk,Male,237.220.65.243
711,Janelle,MacPake,jmacpakejq@so-net.ne.jp,Female,10.66.62.135
712,Tildie,Gregorin,tgregorinjr@blog.com,Female,69.200.10.117
713,Aharon,Benit,abenitjs@ted.com,Male,210.61.152.237
714,Carlie,Remington,cremingtonjt@reuters.com,Female,239.95.201.251
715,Kelly,Daviot,kdaviotju@devhub.com,Female,83.140.175.242
716,Laurence,Theseira,ltheseirajv@chronoengine.com,Male,173.5.142.28
717,Westbrook,Alexsandrovich,walexsandrovichjw@4shared.com,Male,68.111.166.245
718,Malissa,Widdows,mwiddowsjx@businessinsider.com,Polygender,118.194.131.37
719,Modestia,Galley,mgalleyjy@flavors.me,Female,108.118.120.177
720,Elna,Weagener,eweagenerjz@tmall.com,Female,16.2.104.59
721,Bettye,Bisgrove,bbisgrovek0@stumbleupon.com,Non-binary,155.148.205.25
722,Taddeo,Coneley,tconeleyk1@theatlantic.com,Male,118.54.105.62
723,Rochell,Keepe,rkeepek2@linkedin.com,Female,2.195.32.45
724,Danita,Scardefield,dscardefieldk3@altervista.org,Female,183.142.81.232
725,Selma,Fairlam,sfairlamk4@zdnet.com,Female,230.135.70.149
726,Nicky,Starbeck,nstarbeckk5@printfriendly.com,Male,139.126.208.43
727,Tedda,Maylor,tmaylork6@springer.com,Female,23.135.204.94
728,Babara,Toomey,btoomeyk7@mashable.com,Agender,22.204.141.203
729,Chad,Stare,cstarek8@apple.com,Female,21.49.238.246
730,Hamish,Griswood,hgriswoodk9@wikipedia.org,Genderfluid,11.195.125.120
731,Armstrong,Abrahamoff,aabrahamoffka@biglobe.ne.jp,Male,146.52.61.240
732,Sharon,Caton,scatonkb@spiegel.de,Female,188.68.67.173
733,Libby,Mucci,lmuccikc@berkeley.edu,Bigender,152.125.104.175
734,Eve,Flintoff,eflintoffkd@paginegialle.it,Female,75.104.159.150
735,Adelaide,Vasilov,avasilovke@artisteer.com,Female,78.243.219.50
736,Nert,Jephcott,njephcottkf@ucoz.com,Female,254.63.58.74
737,Bar,Newbery,bnewberykg@shop-pro.jp,Male,255.23.10.252
738,Gloriana,Ashfull,gashfullkh@about.com,Female,167.99.252.77
739,Lynnell,O'Rafferty,loraffertyki@usgs.gov,Polygender,254.148.123.9
740,Barbaraanne,Lis,bliskj@cisco.com,Female,30.101.118.140
741,Willie,Holehouse,wholehousekk@delicious.com,Female,108.182.69.93
742,Cull,Tomei,ctomeikl@statcounter.com,Genderfluid,248.57.247.238
743,Brockie,Durber,bdurberkm@blogger.com,Male,168.182.189.72
744,Karlis,Eckly,kecklykn@java.com,Male,158.191.129.203
745,Pamela,Lodin,plodinko@noaa.gov,Genderqueer,167.223.172.8
746,Dolly,Guinnane,dguinnanekp@photobucket.com,Female,18.52.111.44
747,Kiri,Weatherhill,kweatherhillkq@ustream.tv,Female,104.28.255.51
748,Eudora,Windeatt,ewindeattkr@blogspot.com,Female,71.150.27.157
749,Eleonore,Coulbeck,ecoulbeckks@e-recht24.de,Female,183.238.104.154
750,Jarrad,Follet,jfolletkt@boston.com,Male,137.47.163.97
751,Kendra,Carville,kcarvilleku@ucsd.edu,Female,102.201.93.52
752,Pascale,Rohfsen,prohfsenkv@canalblog.com,Male,121.52.116.250
753,Winthrop,De Filippo,wdefilippokw@gov.uk,Male,117.152.24.117
754,Shaine,Russilll,srussilllkx@linkedin.com,Male,154.195.141.236
755,Heath,Crady,hcradyky@spiegel.de,Female,111.190.19.47
756,Fee,Leser,fleserkz@narod.ru,Male,203.199.134.95
757,Win,Thomassin,wthomassinl0@furl.net,Male,79.96.190.95
758,Lawrence,Venard,lvenardl1@sourceforge.net,Male,238.18.7.223
759,Ruthanne,Maddern,rmaddernl2@naver.com,Female,133.144.206.43
760,Sinclair,Vice,svicel3@phpbb.com,Agender,65.138.223.125
761,Lenard,Burberye,lburberyel4@engadget.com,Male,255.7.119.44
762,Brietta,Domoni,bdomonil5@craigslist.org,Female,206.50.136.72
763,Naomi,Spalding,nspaldingl6@examiner.com,Female,125.163.69.148
764,Zollie,Belhomme,zbelhommel7@ifeng.com,Male,13.242.162.50
765,Urson,Lutty,uluttyl8@discuz.net,Male,94.53.252.171
766,Boone,Tolossi,btolossil9@g.co,Male,124.239.124.172
767,Maryrose,Yeld,myeldla@baidu.com,Female,20.7.3.41
768,Amerigo,Fidele,afidelelb@bloglines.com,Bigender,117.160.102.78
769,Florella,Bearcock,fbearcocklc@spiegel.de,Female,161.61.193.132
770,Finlay,Laurent,flaurentld@nationalgeographic.com,Male,15.182.178.70
771,Ulrick,Emmanuele,uemmanuelele@google.es,Male,95.24.117.76
772,Rickard,Sleigh,rsleighlf@slideshare.net,Male,152.218.86.248
773,Demott,Leonardi,dleonardilg@pen.io,Agender,58.105.23.196
774,Edgar,Rushmare,erushmarelh@ebay.com,Male,128.93.217.151
775,Arni,Leckie,aleckieli@arizona.edu,Male,68.253.54.205
776,Pen,Schwier,pschwierlj@fotki.com,Female,73.222.214.137
777,Ara,Chatel,achatellk@slashdot.org,Male,38.67.160.51
778,Isabel,Avarne,iavarnell@studiopress.com,Female,216.161.134.236
779,Dolores,Quilleash,dquilleashlm@yale.edu,Genderfluid,114.21.165.10
780,Torrin,Bills,tbillsln@printfriendly.com,Polygender,57.228.114.41
781,Goddart,Byart,gbyartlo@webs.com,Male,177.253.240.115
782,Bancroft,Elwood,belwoodlp@dion.ne.jp,Male,168.119.199.1
783,Cordie,Blamire,cblamirelq@soup.io,Female,18.145.55.75
784,Crichton,Excell,cexcelllr@umich.edu,Male,55.26.120.71
785,Annnora,Vaszoly,avaszolyls@state.tx.us,Female,217.12.81.185
786,Jaimie,Ivell,jivelllt@hubpages.com,Male,67.230.77.255
787,Earl,Tassel,etassellu@pcworld.com,Male,162.99.198.230
788,Melania,Crawford,mcrawfordlv@google.com.au,Female,156.228.165.28
789,Wilbur,Kief,wkieflw@imgur.com,Male,155.103.145.212
790,Munmro,MacSporran,mmacsporranlx@flickr.com,Male,181.156.113.162
791,Melinda,Wasbey,mwasbeyly@topsy.com,Female,73.206.22.151
792,Linda,Garmans,lgarmanslz@comsenz.com,Female,138.36.123.43
793,Mort,MacGill,mmacgillm0@devhub.com,Male,111.157.188.92
794,Rakel,Carrabot,rcarrabotm1@google.ru,Female,251.195.183.196
795,Ginnie,Patient,gpatientm2@imdb.com,Female,1.238.33.206
796,Nance,Westhoff,nwesthoffm3@yahoo.co.jp,Female,32.210.16.112
797,Dante,Greeves,dgreevesm4@answers.com,Male,161.234.99.33
798,Christa,Longdon,clongdonm5@jugem.jp,Female,64.83.197.225
799,Langsdon,Buggy,lbuggym6@nyu.edu,Non-binary,144.255.94.150
800,Clarabelle,Mendoza,cmendozam7@narod.ru,Female,58.88.4.184
801,Agnesse,Whyatt,awhyattm8@sina.com.cn,Female,218.44.162.225
802,Babita,Dodimead,bdodimeadm9@samsung.com,Female,66.97.80.164
803,Sibby,Mohammed,smohammedma@adobe.com,Female,208.193.37.37
804,Murray,Dumphries,mdumphriesmb@washington.edu,Male,191.105.199.125
805,Bibby,Castelluzzi,bcastelluzzimc@jalbum.net,Female,41.247.65.224
806,Betti,Cortez,bcortezmd@a8.net,Female,240.136.164.107
807,Jody,Ginnally,jginnallyme@who.int,Male,91.114.147.52
808,Court,Kenwrick,ckenwrickmf@ox.ac.uk,Male,214.114.70.128
809,Chelsey,Baline,cbalinemg@tinyurl.com,Female,227.89.18.9
810,Laureen,Sumpner,lsumpnermh@utexas.edu,Female,225.32.170.25
811,Lyndel,Tabrett,ltabrettmi@phpbb.com,Female,84.182.210.203
812,Florida,Kerwen,fkerwenmj@paypal.com,Female,46.127.52.211
813,Alwin,Cowwell,acowwellmk@tripadvisor.com,Male,13.101.249.43
814,Cordie,Hulkes,chulkesml@shop-pro.jp,Genderqueer,200.150.195.14
815,Leta,Surgison,lsurgisonmm@sciencedirect.com,Female,241.142.185.183
816,Winfield,Saiens,wsaiensmn@netlog.com,Male,242.159.55.206
817,Prudi,Mouth,pmouthmo@creativecommons.org,Female,240.71.138.186
818,Maryrose,Smither,msmithermp@tmall.com,Female,182.243.21.68
819,Germain,Gippes,ggippesmq@ed.gov,Female,249.231.237.208
820,Grove,Duinbleton,gduinbletonmr@163.com,Male,201.5.211.1
821,Jilleen,Pearch,jpearchms@sitemeter.com,Female,145.136.144.55
822,Yul,Lelievre,ylelievremt@addtoany.com,Male,112.169.87.111
823,Parrnell,Paxman,ppaxmanmu@about.me,Male,214.192.210.26
824,Jonathan,Padbury,jpadburymv@youku.com,Agender,43.60.226.61
825,Ardath,Sloan,asloanmw@techcrunch.com,Female,249.206.71.17
826,Carlota,Diment,cdimentmx@craigslist.org,Female,181.38.76.226
827,Lancelot,Chadd,lchaddmy@boston.com,Male,83.250.189.112
828,Orly,Critcher,ocritchermz@bizjournals.com,Female,9.105.1.48
829,Joelly,Vose,jvosen0@deliciousdays.com,Female,123.250.5.127
830,Selig,Cragell,scragelln1@xinhuanet.com,Male,15.153.110.207
831,Helena,Preble,hpreblen2@multiply.com,Female,3.84.156.96
832,Merle,Pratley,mpratleyn3@tinyurl.com,Male,164.60.238.235
833,Brew,Bellham,bbellhamn4@ovh.net,Male,178.14.126.164
834,Everett,Benion,ebenionn5@discuz.net,Male,64.27.205.102
835,Kaleb,Cremen,kcremenn6@whitehouse.gov,Male,209.166.85.55
836,Ardella,Stores,astoresn7@loc.gov,Female,117.82.126.125
837,Rick,Harbinson,rharbinsonn8@liveinternet.ru,Male,198.194.8.195
838,Anselm,Balf,abalfn9@ca.gov,Polygender,83.185.22.108
839,Lincoln,Cholonin,lcholoninna@jigsy.com,Male,197.222.14.223
840,Rubi,Laurant,rlaurantnb@businessinsider.com,Female,61.55.101.242
841,Giovanni,O'Sheeryne,gosheerynenc@ustream.tv,Male,120.198.234.243
842,Kenn,Simes,ksimesnd@sohu.com,Male,161.54.13.5
843,Milty,Lowre,mlowrene@slashdot.org,Male,124.231.19.201
844,Robinson,Coffelt,rcoffeltnf@state.gov,Male,15.142.166.107
845,Fredric,Klimkiewich,fklimkiewichng@prweb.com,Male,10.214.43.127
846,Adolphe,McAnulty,amcanultynh@dell.com,Male,87.131.2.205
847,Davie,Ardy,dardyni@icq.com,Male,87.102.144.130
848,Doris,Gullefant,dgullefantnj@sohu.com,Female,108.203.211.239
849,Gorden,Tennick,gtennicknk@icq.com,Male,14.140.251.67
850,Blanca,Lailey,blaileynl@shop-pro.jp,Female,102.86.127.148
851,Antonetta,January,ajanuarynm@macromedia.com,Female,197.180.105.134
852,Arabella,Edmonds,aedmondsnn@scribd.com,Female,150.37.4.33
853,Philbert,Oughtright,poughtrightno@aol.com,Bigender,39.88.145.77
854,Constance,Greatbanks,cgreatbanksnp@patch.com,Female,171.102.112.30
855,Kassandra,Camblin,kcamblinnq@myspace.com,Female,235.68.242.52
856,Courtnay,Emmines,cemminesnr@123-reg.co.uk,Male,114.216.217.185
857,Galen,Manderson,gmandersonns@elpais.com,Male,117.214.197.251
858,Mirna,Leguey,mlegueynt@indiatimes.com,Female,173.192.90.59
859,Rafi,Pickthall,rpickthallnu@comcast.net,Male,193.177.224.104
860,Roseann,Tumbelty,rtumbeltynv@hud.gov,Female,15.192.165.0
861,Prudy,Knox,pknoxnw@deviantart.com,Genderfluid,140.192.135.10
862,Danice,Sheirlaw,dsheirlawnx@scientificamerican.com,Female,57.231.132.218
863,Riobard,Willes,rwillesny@whitehouse.gov,Male,185.243.34.125
864,Emmey,Grills,egrillsnz@google.com,Female,87.247.84.177
865,Lars,Greep,lgreepo0@hexun.com,Male,132.159.159.148
866,Francklyn,Crooks,fcrookso1@addtoany.com,Male,116.10.146.44
867,Terry,Alker,talkero2@liveinternet.ru,Male,47.103.20.208
868,Fidole,Ankers,fankerso3@cocolog-nifty.com,Male,196.4.203.73
869,Schuyler,Wormleighton,swormleightono4@mail.ru,Male,66.203.118.63
870,Nikolas,Ferier,nferiero5@wisc.edu,Male,169.252.85.107
871,Spence,Mackilpatrick,smackilpatricko6@businesswire.com,Male,235.248.156.255
872,Gabriello,Mahaddy,gmahaddyo7@vistaprint.com,Male,229.91.64.107
873,Sigfrid,Burrill,sburrillo8@amazon.co.jp,Male,170.161.94.234
874,Gelya,Andrzejak,gandrzejako9@reuters.com,Female,184.229.134.58
875,Gualterio,Atkirk,gatkirkoa@goo.gl,Male,219.78.196.229
876,Norene,Fulstow,nfulstowob@netvibes.com,Female,89.90.7.18
877,Hillard,Powdrill,hpowdrilloc@amazon.com,Male,85.95.101.5
878,Cos,Pentycost,cpentycostod@cargocollective.com,Male,69.26.171.59
879,Evelin,Killik,ekillikoe@dagondesign.com,Male,54.15.178.121
880,Cherise,Middle,cmiddleof@sogou.com,Female,67.221.133.94
881,Skipper,Hanwright,shanwrightog@ehow.com,Male,254.231.150.71
882,Saunderson,Bly,sblyoh@yellowpages.com,Male,166.129.147.41
883,Karrah,MacMechan,kmacmechanoi@shutterfly.com,Female,143.189.144.49
884,Hendrika,Eliassen,heliassenoj@so-net.ne.jp,Female,92.85.99.11
885,Kora,Whyley,kwhyleyok@sciencedirect.com,Female,30.175.150.255
886,Ronnie,Fosserd,rfosserdol@histats.com,Female,123.1.136.205
887,Nickolaus,Lazar,nlazarom@china.com.cn,Male,84.6.0.217
888,Davidson,Sheldrick,dsheldrickon@feedburner.com,Male,126.181.113.98
889,Cassaundra,Lammas,clammasoo@engadget.com,Female,67.250.122.247
890,Viviana,Padwick,vpadwickop@reuters.com,Female,56.68.95.157
891,Jim,Le Prevost,jleprevostoq@jigsy.com,Male,85.206.164.3
892,Angelina,Huygens,ahuygensor@ebay.co.uk,Female,131.124.196.87
893,Frank,Zapater,fzapateros@squidoo.com,Female,217.148.38.145
894,Kate,Bilborough,kbilboroughot@zimbio.com,Female,167.177.11.211
895,Valentijn,Charon,vcharonou@123-reg.co.uk,Male,34.58.80.71
896,Randi,Alfonsini,ralfonsiniov@house.gov,Male,177.102.161.31
897,Irena,Eadon,ieadonow@ovh.net,Female,193.26.68.139
898,Corrianne,Olenov,colenovox@smh.com.au,Female,59.101.127.236
899,Willyt,Fabbro,wfabbrooy@linkedin.com,Female,108.101.74.176
900,Ruthy,Leftridge,rleftridgeoz@sciencedaily.com,Female,205.157.113.6
901,Meade,Harford,mharfordp0@paypal.com,Male,191.37.116.60
902,Bronson,Livett,blivettp1@google.com,Male,231.69.237.118
903,Di,Franzel,dfranzelp2@github.io,Female,201.189.79.121
904,Der,Kristiansen,dkristiansenp3@msn.com,Male,166.136.75.24
905,Maddy,Dundendale,mdundendalep4@people.com.cn,Male,220.79.200.128
906,Alfredo,Goldsberry,agoldsberryp5@joomla.org,Male,29.136.136.115
907,Gran,Chappell,gchappellp6@simplemachines.org,Male,74.52.255.144
908,Mariel,Quinnet,mquinnetp7@goodreads.com,Female,227.207.2.222
909,Uri,Toland,utolandp8@comsenz.com,Male,147.220.77.124
910,Meara,Van der Hoeven,mvanderhoevenp9@elpais.com,Female,153.250.140.220
911,Nap,Dee,ndeepa@yellowbook.com,Male,127.94.62.40
912,Vincenz,Rutter,vrutterpb@samsung.com,Genderqueer,213.77.172.114
913,Fabe,Bruno,fbrunopc@miibeian.gov.cn,Male,43.112.14.53
914,Carlyle,Arling,carlingpd@opensource.org,Male,233.254.101.240
915,Cleavland,Raistrick,craistrickpe@jiathis.com,Male,237.71.58.23
916,Melodee,Firsby,mfirsbypf@wiley.com,Female,244.211.135.158
917,Nicolette,Gibbe,ngibbepg@cbslocal.com,Female,135.178.174.246
918,Mellicent,Thresh,mthreshph@google.de,Bigender,112.13.184.59
919,Perkin,Hodges,phodgespi@mozilla.com,Male,204.221.73.245
920,Sybil,Bostock,sbostockpj@shutterfly.com,Female,160.199.115.233
921,Hadleigh,Nowick,hnowickpk@tamu.edu,Male,79.54.118.71
922,Karol,Heinsen,kheinsenpl@free.fr,Female,8.180.30.210
923,Ber,Sorton,bsortonpm@creativecommons.org,Male,89.178.9.15
924,Augy,Wroath,awroathpn@illinois.edu,Male,63.194.43.216
925,Cherri,Egdal,cegdalpo@army.mil,Female,36.232.150.221
926,Arabel,Lohde,alohdepp@behance.net,Female,155.49.193.212
927,Myrta,Cummings,mcummingspq@addtoany.com,Female,122.61.180.184
928,Shannon,Harbron,sharbronpr@amazon.co.jp,Male,112.100.111.73
929,Frederico,Dutson,fdutsonps@independent.co.uk,Male,189.38.119.75
930,Erminia,Cutcliffe,ecutcliffept@wunderground.com,Female,45.12.29.38
931,Jayme,Reide,jreidepu@addtoany.com,Female,13.42.184.40
932,Aguistin,Leadbetter,aleadbetterpv@vkontakte.ru,Male,174.115.237.243
933,Erma,Ivashechkin,eivashechkinpw@delicious.com,Female,23.60.22.234
934,Addia,Marr,amarrpx@wikia.com,Female,3.66.163.141
935,Frederik,Corsan,fcorsanpy@blogtalkradio.com,Male,115.132.155.14
936,Emeline,Puckett,epuckettpz@gizmodo.com,Female,182.75.191.45
937,Darby,Osanne,dosanneq0@ovh.net,Male,225.185.172.42
938,Kincaid,Cato,kcatoq1@sbwire.com,Male,64.103.84.182
939,Madelaine,Garman,mgarmanq2@exblog.jp,Female,224.229.190.163
940,Boyd,Warsop,bwarsopq3@weibo.com,Male,213.21.141.148
941,Web,Clulee,wcluleeq4@apache.org,Male,19.150.195.164
942,Shelly,Patifield,spatifieldq5@sina.com.cn,Female,52.118.211.10
943,Stanislaw,McCoughan,smccoughanq6@usa.gov,Male,1.83.25.121
944,Karin,Meech,kmeechq7@blogs.com,Female,139.223.83.210
945,Demetria,Cosslett,dcosslettq8@example.com,Bigender,241.2.174.151
946,Aubree,Whoston,awhostonq9@zimbio.com,Female,3.231.20.164
947,Carolina,Linneman,clinnemanqa@bbc.co.uk,Female,192.238.45.18
948,Clive,Gotfrey,cgotfreyqb@archive.org,Male,184.136.240.228
949,Chevalier,Whye,cwhyeqc@uiuc.edu,Male,211.164.131.1
950,Aldridge,Cozins,acozinsqd@java.com,Male,112.131.94.251
951,Caroline,Pietesch,cpieteschqe@huffingtonpost.com,Female,219.64.225.209
952,Sophie,Winnard,swinnardqf@arstechnica.com,Female,94.205.189.90
953,Donalt,Goford,dgofordqg@hp.com,Male,35.183.127.200
954,Lynnelle,Hollier,lhollierqh@yahoo.co.jp,Genderqueer,125.66.53.74
955,Phebe,Roden,prodenqi@aol.com,Female,151.86.4.73
956,Stormy,Haking,shakingqj@devhub.com,Female,49.66.184.182
957,Ermin,Syphus,esyphusqk@dmoz.org,Male,245.43.40.70
958,Esma,Batram,ebatramql@nsw.gov.au,Female,20.133.134.101
959,Millard,Axelbey,maxelbeyqm@xing.com,Male,55.105.211.153
960,Colin,Arstall,carstallqn@dagondesign.com,Male,37.214.208.102
961,Bond,Volet,bvoletqo@prlog.org,Male,237.176.240.24
962,Gilberta,Rittmeyer,grittmeyerqp@newyorker.com,Female,248.156.17.240
963,Dara,Ivers,diversqq@abc.net.au,Female,94.21.103.110
964,Pandora,Elgar,pelgarqr@boston.com,Female,42.113.115.20
965,Isabeau,Flecknell,iflecknellqs@google.com,Female,77.237.120.163
966,Francklin,Laverty,flavertyqt@icio.us,Male,137.194.154.80
967,Barnard,Joll,bjollqu@google.it,Polygender,11.112.232.169
968,Gusella,Crosen,gcrosenqv@amazon.com,Female,58.56.45.163
969,Marie-ann,Choffin,mchoffinqw@merriam-webster.com,Female,51.65.227.245
970,Trevor,Beed,tbeedqx@topsy.com,Male,35.186.131.47
971,Allison,Steffens,asteffensqy@tinyurl.com,Female,65.109.197.47
972,Aarika,Grime,agrimeqz@issuu.com,Female,4.60.248.253
973,Michaella,Addyman,maddymanr0@cbsnews.com,Female,123.161.131.117
974,Beaufort,Praten,bpratenr1@freewebs.com,Male,55.154.169.203
975,Taite,Tedder,ttedderr2@independent.co.uk,Male,236.150.126.146
976,Bob,Domesday,bdomesdayr3@so-net.ne.jp,Male,153.28.22.142
977,Domeniga,Trenouth,dtrenouthr4@shareasale.com,Female,229.124.184.114
978,Lita,Sharvell,lsharvellr5@google.de,Female,207.162.43.208
979,Cheri,Craisford,ccraisfordr6@nih.gov,Genderfluid,22.138.204.212
980,Jonathon,Kovnot,jkovnotr7@amazon.co.uk,Male,254.40.183.176
981,Cicely,Toner,ctonerr8@friendfeed.com,Female,62.14.32.167
982,Michele,Zanneli,mzannelir9@blogtalkradio.com,Female,117.234.201.10
983,Berni,Cano,bcanora@sun.com,Female,96.230.203.91
984,Oates,Stegell,ostegellrb@geocities.jp,Non-binary,138.104.27.71
985,Ericha,Tantrum,etantrumrc@sakura.ne.jp,Female,254.190.225.24
986,Ursa,Huerta,uhuertard@marketwatch.com,Female,8.118.172.224
987,Reade,Djurdjevic,rdjurdjevicre@google.ca,Male,215.132.186.134
988,Jo,Lawson,jlawsonrf@dyndns.org,Male,58.40.79.232
989,Jethro,Ziemsen,jziemsenrg@soup.io,Male,202.91.104.105
990,Thornie,Ughelli,tughellirh@opensource.org,Genderqueer,59.163.106.190
991,Bevvy,Semour,bsemourri@amazonaws.com,Female,44.69.245.234
992,Timmie,Soitoux,tsoitouxrj@baidu.com,Male,105.36.1.36
993,Raleigh,Allmann,rallmannrk@friendfeed.com,Male,44.44.145.217
994,Tyson,Clowton,tclowtonrl@devhub.com,Male,22.187.154.10
995,Rick,Swadling,rswadlingrm@census.gov,Polygender,239.237.7.37
996,Mikel,Attwool,mattwoolrn@parallels.com,Male,3.108.57.100
997,Ermina,Lackeye,elackeyero@fotki.com,Female,236.65.130.156
998,Esme,Pagden,epagdenrp@wsj.com,Male,173.151.210.110
999,Quinton,Tippett,qtippettrq@npr.org,Male,235.138.206.252
1000,Bennie,Kohter,bkohterrr@toplist.cz,Polygender,93.182.85.99
